Frame,alignment,cohesion,collisionCount,neighbourhoodSize,separation,visibleSize,polerization
1,106.656420,13266.754287,0.000000,3.120000,46.952580,3.080000,0.179714
2,102.195953,13260.157446,0.000000,3.200000,46.125398,3.140000,0.035352
3,102.044829,13252.639074,0.000000,3.200000,45.197338,3.140000,0.043317
4,102.143432,13245.219182,0.000000,3.240000,44.232968,3.180000,0.045081
5,103.025922,13237.878075,0.000000,3.280000,43.194784,3.220000,0.018073
6,103.259468,13231.161970,0.000000,3.380000,42.055057,3.240000,0.033618
7,105.096458,13225.410007,0.000000,3.480000,41.021691,3.320000,0.039681
8,107.612046,13219.931170,0.000000,3.480000,40.073731,3.260000,0.047954
9,105.977676,13214.372647,0.000000,3.560000,38.928262,3.300000,0.040702
10,107.123941,13209.863119,1.000000,3.760000,38.010336,3.520000,0.050783
11,108.807096,13206.213857,1.000000,3.900000,36.950301,3.660000,0.093362
12,109.856821,13203.953155,1.000000,3.980000,35.896414,3.720000,0.095019
13,110.636512,13201.559936,1.000000,4.120000,34.703170,3.800000,0.129051
14,110.795905,13198.558612,0.000000,4.180000,33.479003,3.840000,0.126601
15,109.899940,13195.531312,1.000000,4.240000,32.223821,3.880000,0.123844
16,108.974878,13192.199097,2.000000,4.320000,30.984691,3.920000,0.071799
17,108.430382,13189.110166,2.000000,4.420000,29.551296,3.980000,0.104872
18,107.341845,13186.379221,2.000000,4.500000,28.386755,4.020000,0.020888
19,106.803841,13183.584717,2.000000,4.620000,27.143714,4.080000,0.055655
20,104.874623,13180.786479,2.000000,4.720000,25.961270,4.060000,0.038408
21,106.409717,13178.390495,3.000000,4.780000,24.644118,4.140000,0.082644
22,102.329556,13176.540958,7.000000,4.840000,23.932442,4.180000,0.107641
23,105.334153,13174.667339,8.000000,4.940000,22.826339,4.280000,0.015873
24,101.775677,13169.191410,8.000000,4.960000,22.186682,4.180000,0.158111
25,107.342361,13169.325922,9.000000,5.020000,21.302009,4.260000,0.130415
26,99.764615,13165.029608,11.000000,5.140000,20.809651,4.320000,0.213944
27,108.975149,13163.432439,13.000000,5.220000,19.926272,4.320000,0.097594
28,100.167484,13159.167234,15.000000,5.300000,19.480601,4.380000,0.109707
29,106.018977,13157.428078,16.000000,5.340000,18.830839,4.520000,0.102119
30,103.348538,13149.880453,18.000000,5.400000,18.487410,4.480000,0.110946
31,103.710461,13145.410146,22.000000,5.400000,17.932583,4.480000,0.115930
32,102.209367,13138.270409,26.000000,5.420000,17.304353,4.400000,0.124775
33,99.978325,13131.937140,26.000000,5.440000,16.983738,4.280000,0.096437
34,101.688811,13127.845378,30.000000,5.460000,16.354837,4.360000,0.101235
35,99.977614,13116.841076,32.000000,5.640000,15.750879,4.400000,0.105600
36,100.698972,13109.011726,33.000000,5.820000,15.368186,4.340000,0.046399
37,102.244073,13096.706250,36.000000,6.100000,15.200822,4.580000,0.020136
38,97.491163,13085.827516,37.000000,6.200000,14.959225,4.560000,0.072462
39,96.982042,13071.517515,47.000000,6.260000,14.484059,4.760000,0.141277
40,97.252457,13056.957962,47.000000,6.340000,14.276022,4.660000,0.089112
41,99.954085,13044.447273,51.000000,6.460000,13.635870,4.660000,0.056396
42,98.663276,13029.332299,55.000000,6.700000,13.540516,4.720000,0.080196
43,100.765837,13016.738222,58.000000,6.860000,13.145137,4.940000,0.091913
44,104.475682,13000.898420,59.000000,6.960000,12.961104,4.940000,0.088394
45,103.235297,12988.924717,64.000000,7.080000,12.594389,4.980000,0.056938
46,106.198951,12970.300049,71.000000,7.180000,12.444218,5.300000,0.075257
47,106.199438,12958.197598,73.000000,7.260000,12.140890,5.280000,0.056764
48,110.269947,12936.934806,73.000000,7.480000,11.858901,5.280000,0.099719
49,104.847582,12924.379214,72.000000,7.580000,11.768466,5.500000,0.030382
50,106.670810,12905.469779,77.000000,7.680000,11.340513,5.620000,0.056043
51,101.402272,12892.878209,78.000000,7.800000,11.350068,5.660000,0.082424
52,105.510161,12873.131538,80.000000,7.860000,10.823636,5.520000,0.092096
53,101.135524,12858.117897,81.000000,7.940000,10.923963,5.460000,0.088588
54,102.799599,12838.946464,82.000000,8.000000,10.539317,5.320000,0.073745
55,95.305495,12822.138404,85.000000,8.000000,10.477852,5.200000,0.187945
56,100.269501,12806.624816,88.000000,8.040000,10.152970,5.100000,0.049021
57,95.223161,12788.775459,88.000000,8.080000,10.149004,5.160000,0.173884
58,102.379076,12773.141930,87.000000,8.180000,9.818716,5.140000,0.022048
59,96.925293,12752.529702,87.000000,8.340000,9.635842,4.980000,0.117783
60,105.821593,12736.725664,86.000000,8.420000,9.521878,5.020000,0.026906
61,99.503764,12717.637816,87.000000,8.520000,9.380634,5.000000,0.086367
62,104.874291,12700.268887,86.000000,8.580000,9.049516,4.960000,0.057759
63,98.358269,12683.857735,87.000000,8.660000,9.034257,4.880000,0.087428
64,104.963905,12668.030198,89.000000,8.820000,8.781937,4.920000,0.033734
65,98.014257,12652.039663,97.000000,8.840000,8.720466,4.960000,0.097697
66,106.562616,12636.311112,104.000000,8.860000,8.514922,5.180000,0.085036
67,95.858297,12622.169633,108.000000,8.940000,8.425834,5.240000,0.124478
68,105.394785,12606.059323,125.000000,8.940000,8.295188,5.400000,0.113299
69,94.618414,12593.980659,125.000000,8.960000,8.039997,5.380000,0.197102
70,105.931077,12576.554746,143.000000,8.960000,7.914598,5.480000,0.077486
71,94.691647,12565.645293,155.000000,9.040000,7.689921,5.820000,0.137041
72,103.468731,12551.520275,172.000000,9.080000,7.670715,6.100000,0.048870
73,94.718797,12541.533097,172.000000,9.080000,7.487351,5.860000,0.108691
74,103.162036,12529.683669,198.000000,9.120000,7.493397,6.220000,0.028674
75,94.964665,12520.837737,210.000000,9.180000,7.257923,6.200000,0.058341
76,101.650640,12508.566531,225.000000,9.300000,7.114047,6.420000,0.034027
77,98.828445,12501.290514,235.000000,9.400000,7.009894,6.500000,0.072941
78,103.037072,12488.918108,241.000000,9.400000,6.647778,6.920000,0.056383
79,102.979807,12482.545008,247.000000,9.400000,6.563085,6.880000,0.099864
80,96.111928,12474.904029,250.000000,9.400000,6.362517,7.020000,0.146932
81,106.472679,12468.236582,255.000000,9.440000,6.203501,6.980000,0.076845
82,94.816251,12460.254961,260.000000,9.560000,6.062554,7.120000,0.191904
83,105.297087,12453.905912,260.000000,9.600000,5.998386,6.920000,0.113927
84,95.639123,12443.259846,262.000000,9.600000,5.777082,7.180000,0.189832
85,107.678280,12437.246212,261.000000,9.620000,5.747135,7.060000,0.136450
86,95.279698,12426.128208,265.000000,9.660000,5.483063,7.040000,0.171403
87,106.508205,12420.986925,265.000000,9.800000,5.482746,7.200000,0.135304
88,96.287770,12410.140827,270.000000,9.840000,5.260683,7.120000,0.159350
89,106.909622,12406.641725,274.000000,9.840000,5.280726,7.280000,0.104686
90,99.063021,12396.733563,276.000000,9.840000,5.089039,7.200000,0.098816
91,104.010936,12393.509245,278.000000,9.840000,4.959362,7.320000,0.119987
92,101.783400,12385.215316,279.000000,9.840000,4.859000,7.160000,0.188560
93,100.129963,12381.491238,280.000000,9.840000,4.614606,7.220000,0.138972
94,102.966516,12372.753678,281.000000,9.840000,4.525572,7.180000,0.179260
95,100.103543,12368.652825,281.000000,9.860000,4.352223,7.160000,0.086365
96,102.223652,12359.451922,286.000000,9.860000,4.262340,7.320000,0.147439
97,99.744059,12354.401427,290.000000,9.880000,4.115366,7.420000,0.037154
98,100.459478,12346.645520,296.000000,9.880000,4.001214,7.540000,0.076595
99,101.903559,12338.598664,300.000000,9.880000,3.894037,7.700000,0.010431
100,103.512370,12333.835992,301.000000,9.880000,3.726527,7.560000,0.071548
101,104.935177,12326.736862,304.000000,9.880000,3.687346,7.600000,0.044210
102,104.686274,12320.759015,311.000000,9.880000,3.497735,7.520000,0.076859
103,104.875214,12315.032598,318.000000,9.900000,3.552839,7.640000,0.054376
104,104.454572,12306.455601,329.000000,9.920000,3.275389,7.660000,0.093893
105,106.869194,12303.989494,322.000000,9.920000,3.338599,7.720000,0.039561
106,100.324194,12292.704778,340.000000,9.960000,2.992065,8.020000,0.126487
107,107.357647,12296.689538,322.000000,9.960000,3.129654,7.660000,0.037546
108,101.359167,12282.007385,341.000000,9.960000,2.767247,7.920000,0.192920
109,107.165904,12289.309471,326.000000,9.960000,2.869154,7.560000,0.092084
110,105.203832,12274.204623,344.000000,9.960000,2.704507,8.040000,0.214236
111,103.030566,12279.947591,338.000000,9.960000,2.756204,7.680000,0.128172
112,111.940384,12265.401782,349.000000,9.960000,2.627380,8.080000,0.292088
113,101.019116,12264.623823,360.000000,9.960000,2.648130,8.140000,0.141190
114,115.304303,12256.058964,360.000000,9.960000,2.524185,8.220000,0.252809
115,100.955998,12253.732317,366.000000,9.960000,2.557925,8.180000,0.133856
116,114.975361,12250.685075,368.000000,9.980000,2.538441,8.260000,0.194699
117,100.664013,12244.481395,369.000000,10.040000,2.551453,8.200000,0.160376
118,112.916542,12243.404013,371.000000,10.120000,2.522002,8.260000,0.160912
119,98.089706,12235.106266,372.000000,10.180000,2.544331,8.280000,0.159240
120,111.103883,12233.573431,372.000000,10.260000,2.445767,8.360000,0.152734
121,100.693058,12226.496956,373.000000,10.420000,2.493546,8.320000,0.146547
122,109.878133,12224.095093,374.000000,10.480000,2.386652,8.400000,0.113836
123,101.828888,12216.218330,375.000000,10.480000,2.485774,8.360000,0.079296
124,106.678562,12212.378206,375.000000,10.480000,2.424649,8.400000,0.069513
125,102.770881,12204.370579,376.000000,10.480000,2.451324,8.360000,0.030661
126,105.011672,12201.660144,376.000000,10.480000,2.412557,8.460000,0.070291
127,103.214453,12192.282804,376.000000,10.480000,2.349478,8.380000,0.034744
128,108.405891,12191.622384,376.000000,10.500000,2.315951,8.640000,0.111665
129,103.738447,12179.611663,376.000000,10.520000,2.208930,8.680000,0.057688
130,107.429180,12181.487472,376.000000,10.560000,2.248858,8.580000,0.159633
131,100.961270,12167.213860,376.000000,10.600000,2.155934,8.760000,0.097431
132,110.225988,12171.093296,376.000000,10.720000,2.236218,8.520000,0.181541
133,100.197002,12155.190157,376.000000,11.340000,2.199011,8.780000,0.098219
134,109.072056,12161.688084,376.000000,11.460000,2.213294,8.560000,0.171643
135,99.427557,12146.418233,377.000000,11.820000,2.184429,8.680000,0.070128
136,107.185042,12151.270545,377.000000,11.840000,2.163715,8.540000,0.164936
137,101.721681,12141.425960,378.000000,11.840000,2.172712,8.700000,0.030825
138,104.451484,12141.543416,380.000000,11.840000,2.143979,8.760000,0.133750
139,102.663467,12134.022996,381.000000,11.860000,2.212064,8.760000,0.083275
140,105.211420,12130.136786,382.000000,11.860000,2.039648,8.800000,0.100497
141,101.460788,12125.691982,383.000000,11.960000,1.987343,8.800000,0.169449
142,107.215006,12117.007697,383.000000,12.120000,1.992273,8.980000,0.122092
143,106.259760,12115.104583,385.000000,12.220000,1.889765,8.840000,0.072399
144,110.404757,12108.541816,384.000000,12.300000,1.861933,9.000000,0.156388
145,102.953405,12108.988547,390.000000,12.320000,1.800476,9.040000,0.014836
146,110.243917,12099.342395,395.000000,12.320000,1.913173,9.060000,0.039840
147,104.151034,12099.742839,403.000000,12.320000,1.702658,9.160000,0.082681
148,107.378823,12092.612147,420.000000,12.320000,1.869170,9.380000,0.014676
149,105.056689,12092.464528,431.000000,12.320000,1.670405,9.500000,0.068995
150,107.039523,12084.962160,451.000000,12.320000,1.739494,9.700000,0.062439
151,108.122903,12083.873831,457.000000,12.320000,1.651185,9.780000,0.158346
152,100.144012,12077.095883,462.000000,12.320000,1.685665,9.780000,0.131409
153,110.007065,12079.686055,462.000000,12.320000,1.614815,9.820000,0.144429
154,98.784569,12070.808484,462.000000,12.320000,1.567038,9.740000,0.143158
155,109.570033,12077.386008,462.000000,12.320000,1.617712,9.820000,0.155067
156,98.665185,12065.646976,462.000000,12.320000,1.549359,9.720000,0.146416
157,108.691434,12075.007713,462.000000,12.320000,1.589987,9.860000,0.141600
158,98.557987,12063.197011,462.000000,12.320000,1.509637,9.760000,0.120337
159,103.422842,12073.602942,462.000000,12.320000,1.603980,9.820000,0.134334
160,102.558663,12063.073996,462.000000,12.320000,1.529666,9.780000,0.102887
161,101.826244,12070.575039,462.000000,12.320000,1.576870,9.840000,0.107635
162,103.752808,12064.220416,462.000000,12.320000,1.598711,9.980000,0.066841
163,96.687728,12062.880726,462.000000,12.320000,1.643249,9.960000,0.198054
164,110.003027,12065.386076,462.000000,12.320000,1.607874,10.020000,0.163749
165,96.430951,12058.569665,462.000000,12.320000,1.671382,9.940000,0.167492
166,109.395414,12066.066145,463.000000,12.320000,1.617528,10.000000,0.126163
167,100.638497,12054.593020,465.000000,12.320000,1.586585,9.980000,0.043012
168,106.113269,12064.826825,466.000000,12.320000,1.561279,10.140000,0.073122
169,104.348168,12050.103112,468.000000,12.320000,1.454210,10.060000,0.100862
170,101.334475,12059.461496,468.000000,12.320000,1.451213,10.120000,0.097089
171,107.953254,12042.293708,468.000000,12.320000,1.378044,10.020000,0.158075
172,101.138254,12048.893971,468.000000,12.320000,1.430657,10.040000,0.148461
173,112.218168,12032.319541,468.000000,12.320000,1.296246,9.980000,0.211645
174,102.246906,12036.256606,468.000000,12.320000,1.484472,9.980000,0.158059
175,111.688591,12022.879428,468.000000,12.320000,1.234231,9.940000,0.184333
176,103.004036,12023.896402,468.000000,12.320000,1.429612,9.960000,0.103835
177,106.578554,12015.037537,468.000000,12.320000,1.081534,9.880000,0.130531
178,103.505134,12016.998217,468.000000,12.320000,1.434017,9.920000,0.072971
179,104.187410,12010.145575,468.000000,12.320000,1.046435,9.920000,0.095857
180,103.459228,12012.765712,468.000000,12.320000,1.351505,9.960000,0.081815
181,102.973038,12008.062423,468.000000,12.320000,1.138171,9.900000,0.116019
182,104.879303,12009.368104,468.000000,12.320000,1.389540,10.000000,0.138493
183,103.495229,12006.310417,468.000000,12.320000,1.169882,9.900000,0.218263
184,105.172208,12007.435194,468.000000,12.320000,1.348619,9.980000,0.226678
185,104.223731,12005.410826,468.000000,12.320000,1.187870,9.900000,0.267998
186,101.092201,12003.999350,468.000000,12.320000,1.195435,9.960000,0.238493
187,110.285600,12004.653898,468.000000,12.320000,1.187566,9.980000,0.279573
188,96.845577,12000.073148,468.000000,12.320000,1.160889,9.960000,0.266035
189,111.773818,12004.467622,468.000000,12.320000,1.196186,10.100000,0.278396
190,95.274740,11997.309998,468.000000,12.320000,1.210741,9.900000,0.269968
191,110.368548,12005.788761,468.000000,12.320000,1.176192,10.040000,0.243352
192,95.313645,11996.406379,468.000000,12.320000,1.217850,9.860000,0.243434
193,110.653426,12007.085899,468.000000,12.320000,1.092839,10.140000,0.206999
194,97.726392,11996.390185,468.000000,12.320000,1.226172,9.880000,0.221229
195,108.361860,12003.213801,468.000000,12.320000,1.031831,10.120000,0.179493
196,101.328147,11990.876506,468.000000,12.320000,1.135234,9.820000,0.175650
197,104.800299,11998.275229,468.000000,12.320000,1.030040,10.140000,0.176181
198,102.693267,11989.138055,468.000000,12.320000,1.089332,9.840000,0.138660
199,105.695113,11995.001242,468.000000,12.320000,1.065680,10.320000,0.152820
200,104.148543,11988.084199,468.000000,12.320000,1.134782,9.880000,0.092846
201,108.848326,11991.503151,468.000000,12.320000,1.112264,10.460000,0.125344
202,100.516862,11986.603853,468.000000,12.320000,1.074409,9.900000,0.083262
203,111.920164,11988.750918,468.000000,12.320000,1.084940,10.640000,0.120072
204,98.809823,11983.087239,468.000000,12.320000,1.062137,10.040000,0.114161
205,114.169702,11982.947973,468.000000,12.320000,1.116264,10.580000,0.167129
206,95.169591,11979.879609,468.000000,12.320000,1.117318,9.960000,0.129328
207,111.894481,11981.228148,468.000000,12.320000,1.116443,10.280000,0.128960
208,94.320342,11979.662402,469.000000,12.320000,1.142024,9.960000,0.109684
209,112.228474,11980.009107,469.000000,12.320000,1.096268,9.960000,0.095608
210,96.086487,11977.751461,470.000000,12.320000,1.169718,9.940000,0.076157
211,108.997657,11974.497807,471.000000,12.320000,1.059370,10.020000,0.042110
212,99.880069,11975.612222,470.000000,12.320000,1.142209,9.900000,0.079696
213,105.432114,11972.290059,470.000000,12.320000,1.083801,10.000000,0.103915
214,103.692164,11976.266651,470.000000,12.320000,1.098772,9.900000,0.121659
215,100.974894,11972.211647,469.000000,12.320000,1.103614,10.120000,0.151723
216,105.396123,11977.294086,469.000000,12.320000,1.078169,9.880000,0.145361
217,99.524169,11971.766356,469.000000,12.320000,1.132432,10.120000,0.158575
218,106.187142,11975.476156,469.000000,12.320000,1.017438,9.900000,0.160831
219,101.591395,11967.892929,468.000000,12.320000,1.073797,10.160000,0.183059
220,105.869579,11970.443097,468.000000,12.320000,1.005516,9.880000,0.191532
221,102.976643,11965.114931,469.000000,12.320000,1.008959,10.160000,0.206318
222,105.102172,11965.461120,470.000000,12.320000,1.019475,9.920000,0.192939
223,102.888226,11961.427571,470.000000,12.320000,0.993334,10.300000,0.206644
224,107.134303,11959.309510,475.000000,12.320000,1.119529,10.160000,0.176545
225,103.843760,11954.157812,474.000000,12.320000,0.964505,10.520000,0.202503
226,108.050098,11951.790371,476.000000,12.320000,1.136865,10.420000,0.158073
227,102.626738,11945.635274,476.000000,12.320000,0.958401,10.840000,0.191196
228,108.072462,11945.389184,479.000000,12.320000,1.015532,10.700000,0.150222
229,100.650042,11938.379770,476.000000,12.320000,0.911992,10.680000,0.204707
230,109.329055,11941.973132,486.000000,12.320000,0.906759,10.800000,0.180510
231,98.880539,11934.106890,497.000000,12.320000,0.876244,11.020000,0.241964
232,107.955953,11939.826412,508.000000,12.320000,0.877697,11.100000,0.218849
233,98.369936,11930.426430,532.000000,12.320000,0.960711,11.460000,0.252542
234,108.647843,11935.808722,553.000000,12.320000,0.845301,11.720000,0.237280
235,97.104317,11926.580137,573.000000,12.320000,0.982894,11.880000,0.260301
236,107.091268,11930.407815,596.000000,12.320000,0.898963,12.200000,0.238797
237,97.196799,11922.953097,607.000000,12.320000,0.925481,12.260000,0.239190
238,105.767448,11924.983355,614.000000,12.320000,0.865829,12.320000,0.212632
239,97.394962,11920.290297,616.000000,12.320000,0.902078,12.320000,0.198489
240,106.165051,11921.063714,616.000000,12.320000,0.880898,12.320000,0.175945
241,98.198466,11917.947125,616.000000,12.320000,0.874900,12.320000,0.159778
242,105.933820,11918.385551,616.000000,12.320000,0.926046,12.320000,0.145753
243,97.427108,11915.003659,616.000000,12.320000,0.884716,12.320000,0.129409
244,107.054443,11916.801766,616.000000,12.320000,0.899341,12.320000,0.119783
245,96.946497,11911.989130,616.000000,12.320000,0.930106,12.320000,0.110778
246,107.538061,11916.339431,616.000000,12.320000,0.851969,12.320000,0.114031
247,97.125735,11909.471757,616.000000,12.320000,0.874513,12.320000,0.099643
248,107.949511,11915.644344,616.000000,12.320000,0.810646,12.320000,0.097553
249,99.122630,11907.607601,616.000000,12.320000,0.901958,12.320000,0.089505
250,106.936506,11914.257637,616.000000,12.320000,0.779000,12.320000,0.083359
251,98.604780,11906.851923,616.000000,12.320000,0.897855,12.320000,0.086069
252,105.687279,11911.861057,616.000000,12.320000,0.810644,12.320000,0.073642
253,100.262228,11907.557600,616.000000,12.320000,0.865011,12.320000,0.076667
254,103.967491,11908.861646,616.000000,12.320000,0.804010,12.320000,0.061907
255,101.576478,11909.027143,616.000000,12.320000,0.828505,12.320000,0.062882
256,103.294530,11906.347876,616.000000,12.320000,0.771972,12.320000,0.050518
257,102.137890,11910.167598,616.000000,12.320000,0.762449,12.320000,0.059587
258,102.499417,11904.384890,616.000000,12.320000,0.830798,12.320000,0.045518
259,101.321263,11910.529379,616.000000,12.320000,0.768128,12.320000,0.053478
260,101.780728,11903.509416,616.000000,12.320000,0.827889,12.320000,0.051984
261,102.134900,11909.990813,616.000000,12.320000,0.825714,12.320000,0.065177
262,101.610527,11904.249060,616.000000,12.320000,0.816725,12.320000,0.071372
263,103.144275,11908.837587,616.000000,12.320000,0.846229,12.320000,0.092738
264,100.989259,11905.146445,616.000000,12.320000,0.781093,12.320000,0.097191
265,105.066228,11907.493756,616.000000,12.320000,0.827796,12.320000,0.115858
266,98.879909,11905.861005,616.000000,12.320000,0.751252,12.320000,0.119623
267,106.013444,11906.719405,616.000000,12.320000,0.815802,12.320000,0.130778
268,96.845458,11906.085080,616.000000,12.320000,0.798502,12.320000,0.131904
269,107.588965,11907.018185,616.000000,12.320000,0.793783,12.320000,0.126952
270,95.859083,11905.154211,616.000000,12.320000,0.817387,12.320000,0.113506
271,108.129978,11908.472401,616.000000,12.320000,0.804779,12.320000,0.098150
272,96.677708,11903.859907,616.000000,12.320000,0.854759,12.320000,0.079940
273,107.644938,11909.687128,616.000000,12.320000,0.741404,12.320000,0.065616
274,97.906902,11902.427396,616.000000,12.320000,0.842549,12.320000,0.054953
275,105.725646,11910.118691,616.000000,12.320000,0.742317,12.320000,0.063155
276,99.370486,11902.244685,616.000000,12.320000,0.842993,12.320000,0.069240
277,102.659140,11909.657159,616.000000,12.320000,0.774635,12.320000,0.086452
278,102.931358,11903.718024,616.000000,12.320000,0.860846,12.320000,0.091863
279,100.675612,11907.995415,616.000000,12.320000,0.798834,12.320000,0.091839
280,104.193208,11905.522175,616.000000,12.320000,0.844451,12.320000,0.091035
281,101.435008,11905.877391,616.000000,12.320000,0.838637,12.320000,0.081088
282,106.311411,11907.399142,616.000000,12.320000,0.800475,12.320000,0.073387
283,101.971603,11904.489533,616.000000,12.320000,0.800935,12.320000,0.063656
284,103.662545,11908.518717,616.000000,12.320000,0.838586,12.320000,0.052023
285,103.376863,11904.247711,616.000000,12.320000,0.804434,12.320000,0.049731
286,100.820119,11908.261772,616.000000,12.320000,0.843873,12.320000,0.063351
287,104.469173,11905.422894,616.000000,12.320000,0.826280,12.320000,0.088727
288,100.341347,11907.000416,616.000000,12.320000,0.873089,12.320000,0.111107
289,103.525852,11907.124571,616.000000,12.320000,0.800211,12.320000,0.125598
290,99.869610,11904.956041,616.000000,12.320000,0.880646,12.320000,0.140837
291,102.552583,11908.968406,616.000000,12.320000,0.786714,12.320000,0.153530
292,101.781890,11903.758132,616.000000,12.320000,0.821910,12.320000,0.157419
293,100.777415,11909.873839,616.000000,12.320000,0.787420,12.320000,0.168342
294,103.938854,11904.010361,616.000000,12.320000,0.847447,12.320000,0.168940
295,97.510687,11909.417823,616.000000,12.320000,0.779246,12.320000,0.163748
296,106.719202,11904.737283,616.000000,12.320000,0.859955,12.320000,0.160239
297,97.892717,11907.687999,616.000000,12.320000,0.809194,12.320000,0.157401
298,107.115426,11906.628664,616.000000,12.320000,0.870829,12.320000,0.161686
299,100.025620,11905.827945,616.000000,12.320000,0.765090,12.320000,0.173112
300,106.648375,11908.722478,616.000000,12.320000,0.897271,12.320000,0.186036
301,100.309126,11904.328520,616.000000,12.320000,0.688789,12.320000,0.191319
302,106.653197,11909.295852,616.000000,12.320000,0.890973,12.320000,0.195852
303,100.647223,11904.268945,616.000000,12.320000,0.690078,12.320000,0.187106
304,102.377592,11908.679702,616.000000,12.320000,0.919186,12.320000,0.171619
305,103.009003,11904.976921,616.000000,12.320000,0.672246,12.320000,0.150075
306,100.845827,11906.603690,616.000000,12.320000,0.920668,12.320000,0.119116
307,103.493308,11906.956556,616.000000,12.320000,0.726581,12.320000,0.084177
308,100.479245,11904.733504,616.000000,12.320000,0.857182,12.320000,0.059738
309,102.072602,11908.944547,616.000000,12.320000,0.734039,12.320000,0.063486
310,103.093856,11903.625952,616.000000,12.320000,0.828604,12.320000,0.092283
311,100.599336,11909.500799,616.000000,12.320000,0.733526,12.320000,0.118354
312,105.498507,11902.881647,616.000000,12.320000,0.830092,12.320000,0.136952
313,98.966233,11909.182147,616.000000,12.320000,0.761859,12.320000,0.159424
314,107.365910,11903.440786,616.000000,12.320000,0.834244,12.320000,0.165251
315,97.685105,11908.623853,616.000000,12.320000,0.752212,12.320000,0.167339
316,107.077069,11904.759561,616.000000,12.320000,0.850939,12.320000,0.151570
317,97.601113,11907.950251,616.000000,12.320000,0.705686,12.320000,0.130458
318,103.552367,11905.188629,616.000000,12.320000,0.795068,12.320000,0.097509
319,100.097547,11907.939716,616.000000,12.320000,0.702264,12.320000,0.065085
320,101.063671,11904.882075,616.000000,12.320000,0.812538,12.320000,0.043650
321,102.005705,11908.627441,616.000000,12.320000,0.710273,12.320000,0.049039
322,98.856749,11903.779137,616.000000,12.320000,0.806240,12.320000,0.079406
323,104.938472,11910.179186,616.000000,12.320000,0.802064,12.320000,0.119981
324,98.278682,11902.707810,616.000000,12.320000,0.772389,12.320000,0.157896
325,103.475358,11911.841322,616.000000,12.320000,0.851983,12.320000,0.195453
326,100.555198,11902.048822,616.000000,12.320000,0.728204,12.320000,0.220907
327,101.782411,11912.207629,616.000000,12.320000,0.835830,12.320000,0.234905
328,100.753231,11901.565938,616.000000,12.320000,0.694143,12.320000,0.246435
329,97.627540,11911.673405,616.000000,12.320000,0.871129,12.320000,0.249393
330,106.324907,11902.577008,616.000000,12.320000,0.729666,12.320000,0.248762
331,95.047820,11911.214568,616.000000,12.320000,0.841218,12.320000,0.242668
332,110.455170,11904.158111,616.000000,12.320000,0.810947,12.320000,0.232451
333,94.716719,11910.122154,616.000000,12.320000,0.815414,12.320000,0.217949
334,110.540620,11905.227380,616.000000,12.320000,0.826949,12.320000,0.208153
335,95.845251,11908.902335,616.000000,12.320000,0.756621,12.320000,0.201843
336,107.532030,11906.049618,616.000000,12.320000,0.822880,12.320000,0.194953
337,98.941223,11907.957314,616.000000,12.320000,0.739401,12.320000,0.195003
338,104.723174,11906.087844,616.000000,12.320000,0.798727,12.320000,0.190932
339,101.759852,11907.694438,616.000000,12.320000,0.806196,12.320000,0.182142
340,103.012790,11906.483520,616.000000,12.320000,0.755557,12.320000,0.165062
341,102.073019,11907.539859,616.000000,12.320000,0.839403,12.320000,0.142211
342,104.842010,11906.709475,616.000000,12.320000,0.768616,12.320000,0.127345
343,101.340697,11906.867426,616.000000,12.320000,0.864489,12.320000,0.134629
344,106.111226,11906.531782,616.000000,12.320000,0.705242,12.320000,0.152025
345,97.582622,11906.127867,616.000000,12.320000,0.873038,12.320000,0.188056
346,109.505701,11907.159135,616.000000,12.320000,0.721698,12.320000,0.218207
347,94.853557,11905.694028,616.000000,12.320000,0.834547,12.320000,0.241954
348,112.439808,11907.991908,616.000000,12.320000,0.798044,12.320000,0.260329
349,93.076808,11905.355347,616.000000,12.320000,0.831098,12.320000,0.269254
350,112.630361,11908.008057,616.000000,12.320000,0.839636,12.320000,0.267716
351,93.025048,11905.161828,616.000000,12.320000,0.824954,12.320000,0.254062
352,111.635647,11907.828776,616.000000,12.320000,0.868785,12.320000,0.229187
353,94.481163,11905.628082,616.000000,12.320000,0.748262,12.320000,0.195594
354,107.661305,11907.069399,616.000000,12.320000,0.827188,12.320000,0.154241
355,98.029519,11907.306155,616.000000,12.320000,0.799050,12.320000,0.104325
356,104.534000,11905.869901,616.000000,12.320000,0.796795,12.320000,0.060083
357,101.652348,11909.266818,616.000000,12.320000,0.841936,12.320000,0.011275
358,102.613503,11904.543931,616.000000,12.320000,0.784348,12.320000,0.039545
359,101.889847,11910.445804,616.000000,12.320000,0.877043,12.320000,0.077922
360,101.814940,11903.080626,616.000000,12.320000,0.745645,12.320000,0.115037
361,101.045511,11911.042557,616.000000,12.320000,0.882680,12.320000,0.142834
362,103.080257,11902.742042,616.000000,12.320000,0.739827,12.320000,0.161669
363,100.435534,11911.714748,616.000000,12.320000,0.792160,12.320000,0.168865
364,104.083793,11903.260079,616.000000,12.320000,0.806590,12.320000,0.162013
365,99.300586,11911.507193,616.000000,12.320000,0.768193,12.320000,0.148751
366,104.005567,11903.408063,616.000000,12.320000,0.856137,12.320000,0.130817
367,98.831124,11911.549827,616.000000,12.320000,0.767641,12.320000,0.108446
368,104.012480,11903.560504,616.000000,12.320000,0.918774,12.320000,0.080686
369,99.496922,11911.884725,616.000000,12.320000,0.738898,12.320000,0.050621
370,101.962042,11903.441955,616.000000,12.320000,0.901788,12.320000,0.018135
371,100.701813,11912.544151,616.000000,12.320000,0.759027,12.320000,0.013659
372,100.402732,11903.090438,616.000000,12.320000,0.836561,12.320000,0.035640
373,102.465269,11913.213649,616.000000,12.320000,0.776264,12.320000,0.049814
374,99.680519,11902.594955,616.000000,12.320000,0.839225,12.320000,0.056880
375,102.735357,11913.253400,616.000000,12.320000,0.809996,12.320000,0.060413
376,98.824123,11902.692019,616.000000,12.320000,0.811297,12.320000,0.064536
377,103.189487,11912.651930,616.000000,12.320000,0.853783,12.320000,0.061224
378,100.177230,11903.910810,616.000000,12.320000,0.823321,12.320000,0.057322
379,102.155136,11911.783687,616.000000,12.320000,0.797641,12.320000,0.052609
380,101.175083,11905.538158,616.000000,12.320000,0.839843,12.320000,0.044984
381,100.106441,11910.279578,616.000000,12.320000,0.739876,12.320000,0.035184
382,102.405798,11906.807543,616.000000,12.320000,0.846763,12.320000,0.034057
383,99.727481,11908.734297,616.000000,12.320000,0.714570,12.320000,0.037337
384,103.087870,11907.748828,616.000000,12.320000,0.891353,12.320000,0.041769
385,98.767193,11908.095225,616.000000,12.320000,0.700098,12.320000,0.052266
386,103.775314,11907.848497,616.000000,12.320000,0.882395,12.320000,0.063507
387,98.594234,11908.272896,616.000000,12.320000,0.731816,12.320000,0.069031
388,103.026859,11907.133769,616.000000,12.320000,0.819714,12.320000,0.067088
389,99.727090,11908.683103,616.000000,12.320000,0.711308,12.320000,0.064581
390,101.638287,11906.460363,616.000000,12.320000,0.782178,12.320000,0.048366
391,99.945982,11908.920293,616.000000,12.320000,0.736095,12.320000,0.037059
392,102.683710,11906.001171,616.000000,12.320000,0.729133,12.320000,0.027356
393,101.160075,11908.937690,616.000000,12.320000,0.788239,12.320000,0.019999
394,102.946372,11906.804308,616.000000,12.320000,0.726800,12.320000,0.018805
395,100.682165,11908.347332,616.000000,12.320000,0.785321,12.320000,0.018697
396,104.920812,11908.026131,616.000000,12.320000,0.729960,12.320000,0.028114
397,100.392015,11907.049928,616.000000,12.320000,0.749991,12.320000,0.031205
398,104.955370,11908.735492,616.000000,12.320000,0.687797,12.320000,0.027689
399,100.588601,11906.488481,616.000000,12.320000,0.706644,12.320000,0.029657
400,104.974875,11909.060980,616.000000,12.320000,0.738724,12.320000,0.031953
401,103.013369,11906.589148,616.000000,12.320000,0.684091,12.320000,0.034518
402,104.068706,11908.235450,616.000000,12.320000,0.750844,12.320000,0.047762
403,104.184626,11907.900515,616.000000,12.320000,0.731231,12.320000,0.055181
404,103.727802,11906.208694,616.000000,12.320000,0.758362,12.320000,0.066132
405,104.668736,11909.696404,616.000000,12.320000,0.744348,12.320000,0.067834
406,103.246211,11903.846836,616.000000,12.320000,0.764072,12.320000,0.070459
407,105.360946,11911.273795,616.000000,12.320000,0.755798,12.320000,0.067990
408,102.711167,11902.477877,616.000000,12.320000,0.728768,12.320000,0.073400
409,107.069716,11912.455675,616.000000,12.320000,0.802375,12.320000,0.063785
410,103.598948,11902.248731,616.000000,12.320000,0.772244,12.320000,0.055764
411,106.710522,11912.287163,616.000000,12.320000,0.790140,12.320000,0.052434
412,104.240812,11903.460347,616.000000,12.320000,0.825148,12.320000,0.050833
413,105.886468,11910.467906,616.000000,12.320000,0.789484,12.320000,0.062652
414,105.139491,11905.305185,616.000000,12.320000,0.830130,12.320000,0.070802
